Model,AUC,Precision,Recall
Logistic Regression,0.758774208923837,0.661628256888987,0.17800334799817225
Random Forest,0.9199223542755677,0.8243652951834701,0.5366280319482137
