Model,AUC,Precision,Recall
Logistic Regression,0.75054832762804,0.37646667221667224,0.1060597650645614
Random Forest,0.7502215261086141,0.6148333333333333,0.08945036197606288
