Model,AUC,Precision,Recall
Logistic Regression,0.8946772601937285,0.9129481952016407,0.892079285991869
Random Forest,0.9894918487735542,0.9656794521115573,0.975786174219176
