Model,AUC,Precision,Recall
Logistic Regression,0.7731827190420643,0.7185700805393996,0.2711106989343789
Random Forest,0.9105159000596439,0.7696160970315025,0.5401922470374366
