Model,AUC,Precision,Recall
Logistic Regression,0.7970940053683171,0.724161494150425,0.3083028289845736
Random Forest,0.908875211879747,0.7860486704431764,0.5196556641123772
