Model,AUC,Precision,Recall
Logistic Regression,0.7355605323802924,0.5846761866960173,0.10847071205863398
Random Forest,0.8697784860093962,0.7459594021404069,0.3589805941408837
